method,seed,final_accuracy,final_format,final_length,best_accuracy,best_step,last5_accuracy,validation_auc,step_to_20,step_to_30,step_to_40
standard,0,0.45703125,0.9189453125,143.201171875,0.45703125,200,0.443359375,0.3722900390625,30,30,70
standard,1,0.35546875,0.6806640625,165.4931640625,0.4765625,180,0.4435546875,0.3492431640625,40,50,110
standard,2,0.474609375,0.869140625,169.0205078125,0.4833984375,170,0.4724609375,0.42802734375,20,20,40
standard,3,0.46875,0.9521484375,121.8369140625,0.478515625,180,0.472265625,0.39169921875,20,30,50
dr_grpo,0,0.451171875,0.873046875,140.9580078125,0.451171875,200,0.42734375,0.3735595703125,20,30,50
dr_grpo,1,0.0,0.0009765625,497.68359375,0.423828125,110,0.00078125,0.1946533203125,40,50,70
dr_grpo,2,0.44921875,0.828125,176.462890625,0.470703125,150,0.4525390625,0.389208984375,20,20,90
dr_grpo,3,0.001953125,0.0185546875,484.2412109375,0.4462890625,150,0.3369140625,0.357177734375,30,30,50
offpolicy_clip,0,0.3134765625,0.6005859375,160.1474609375,0.5029296875,110,0.348828125,0.401806640625,10,20,40
offpolicy_clip,1,0.0,0.00390625,114.546875,0.466796875,70,0.0,0.1372314453125,40,40,50
offpolicy_clip,2,0.0,0.0,512.0,0.4140625,40,0.0419921875,0.25478515625,10,20,40
offpolicy_clip,3,0.1259765625,0.2041015625,425.5244140625,0.4091796875,50,0.0943359375,0.1755615234375,20,20,50
