batch_size,sequence_length,d,dtype,compiled,warmup,repetitions,forward_mean_ms,forward_std_ms,backward_mean_ms,backward_std_ms,memory_before_backward_mib,peak_memory_mib,reserved_memory_mib,status,error
8,256,16,float32,False,5,100,0.2670598404109478,0.03167862230572773,0.49297952085733415,0.09797674844813503,18.75,25.0,42.0,ok,
8,1024,16,float32,False,5,100,0.4212022387981415,0.02288412179494358,1.0247548830509186,0.02129803995610287,50.25,147.25,154.0,ok,
8,4096,16,float32,False,5,100,4.0489446592330935,0.006218972392068108,9.80159101486206,0.0757192142612287,536.25,2076.25,2088.0,ok,
8,8192,16,float32,False,5,100,15.05647807121277,0.02333361552846644,34.10959476470947,0.06092332689442584,2080.25,8232.25,10280.0,ok,
8,16384,16,float32,False,5,100,56.96595085144043,0.07504683458076658,140.22935546875,0.1899997787839341,8240.25,32832.25,41020.0,ok,
8,256,32,float32,False,5,100,0.17932896047830582,0.0022568069033472877,0.540381760597229,0.02077486044630477,19.25,25.75,44.0,ok,
8,1024,32,float32,False,5,100,0.38379232048988343,0.0059425037238457915,0.9254304015636444,0.017339646269428338,52.25,150.25,158.0,ok,
8,4096,32,float32,False,5,100,4.283754863739014,0.015408114768668971,10.023743381500244,0.04242516348941846,544.25,2088.25,2600.0,ok,
8,8192,32,float32,False,5,100,15.88778175354004,0.00851651773202649,34.8590478515625,0.03671153310723936,2096.25,8256.25,10300.0,ok,
8,16384,32,float32,False,5,100,60.55514457702637,0.10126095459935168,143.69435195922853,0.15205261928592456,8272.25,32880.25,41044.0,ok,
8,256,64,float32,False,5,100,0.18358271986246108,0.02086362023951246,0.34834144085645674,0.006471791735978645,20.25,27.25,46.0,ok,
8,1024,64,float32,False,5,100,0.4130031996965408,0.0018217916808572652,0.9253775978088379,0.004649795698263981,56.25,156.25,168.0,ok,
8,4096,64,float32,False,5,100,4.7208563470840454,0.011356167184176282,10.427639026641845,0.05310975784243104,560.25,2112.25,2620.0,ok,
8,8192,64,float32,False,5,100,17.69117858886719,0.004070632382996857,36.64853992462158,0.026329527186381714,2128.25,8304.25,10324.0,ok,
8,16384,64,float32,False,5,100,67.80600906372071,0.11460165595345283,150.93221084594725,0.1758118985471485,8336.25,32976.25,41108.0,ok,
8,256,128,float32,False,5,100,0.17995008066296578,0.004554594489788782,0.5163315218687058,0.07062437778920484,22.25,30.25,50.0,ok,
8,1024,128,float32,False,5,100,0.47232831925153734,0.014753701794514006,1.017430077791214,0.017120394792575423,64.25,168.25,200.0,ok,
8,4096,128,float32,False,5,100,5.5807228899002075,0.010691742983923025,11.330578575134277,0.042756841444132304,592.25,2160.25,2644.0,ok,
8,8192,128,float32,False,5,100,21.139372367858886,0.013380640468020968,40.16482650756836,0.03024909929183635,2192.25,8400.25,10388.0,ok,
8,16384,128,float32,False,5,100,81.55564918518067,0.1367304778692871,164.68633209228517,0.18072214582432095,8464.25,33168.25,41236.0,ok,
