dtype,sequence_length,d,forward_ms_pytorch,forward_status_pytorch,backward_ms_pytorch,backward_status_pytorch,end_to_end_ms_pytorch,end_to_end_status_pytorch,forward_ms_triton,forward_status_triton,backward_ms_triton,backward_status_triton,end_to_end_ms_triton,end_to_end_status_triton,forward_speedup,backward_speedup,end_to_end_speedup
float32,128,16,0.0603013808616963,ok,0.2612456522190464,ok,0.5061094007701594,ok,0.0106315293915665,ok,0.3215269628046903,ok,0.3477881037925044,ok,5.671938499227646,0.8125155350586836,1.4552234399371862
float32,256,16,0.0583596456819087,ok,0.1583329521750331,ok,0.5628035920742521,ok,0.0128246206747664,ok,0.3216689405039417,ok,0.483080544694243,ok,4.550594295294563,0.49222331483723997,1.1650305487472454
float32,512,16,0.072397054498767,ok,0.2606642931823929,ok,1.0465321729866977,ok,0.0193568613570623,ok,0.3318936395112787,ok,0.5656132763202902,ok,3.740123626620549,0.7853850214370703,1.850260976537045
float32,1024,16,0.066608322109252,ok,0.2620053795079475,ok,0.8117065822321271,ok,0.028928119569566,ok,0.3267590013233649,ok,0.5587036881805341,ok,2.302545865419046,0.8018306410744095,1.45283913352267
float32,2048,16,0.1409279294558708,ok,0.2641367093254538,ok,1.0262117975405425,ok,0.0513818404038822,ok,0.3300523284264808,ok,0.7388687414782388,ok,2.742757525774084,0.8002873683234454,1.3888959431243804
float32,4096,16,0.5461569402208026,ok,0.7252514386094422,ok,1.2522809075360948,ok,0.1251442227078415,ok,0.4840265345406828,ok,0.6394225523482621,ok,4.364220164568416,1.4983712397041826,1.958455958328537
float32,8192,16,2.081254985738308,ok,2.621385987783443,ok,4.6862846095152575,ok,0.3323288286024118,ok,1.7270731617081985,ok,2.05004968711634,ok,6.2626375042180245,1.5178198850538014,2.2859370867772104
float32,16384,16,7.518312344184289,ok,10.737764380194925,ok,18.246897037212666,ok,1.0077178859162603,ok,6.630436381248579,ok,7.633981981585102,ok,7.460731271379903,1.6194657127790575,2.3902200818954413
float32,32768,16,33.38983998979841,ok,42.77984307029031,ok,76.1885871887207,ok,3.826086852285597,ok,26.397868368360733,ok,30.19745981693268,ok,8.726890235085033,1.6205794526032358,2.52301311602373
float32,65536,16,137.23352559407553,ok,,oom,,oom,14.195864537182976,ok,106.58705711364746,ok,120.67845726013184,ok,9.667148149703895,,
float32,128,32,0.058345120702766,ok,0.2433594642207026,ok,0.9478617849323036,ok,0.0115967919938569,ok,0.3149774631303621,ok,0.7211850073239575,ok,5.031143158700511,0.7726250056182006,1.3143115501658265
float32,256,32,0.0629443932773857,ok,0.2609333272608495,ok,1.0337309867364388,ok,0.0138544629166046,ok,0.3280359129233995,ok,0.7276558479382879,ok,4.543257552188957,0.7954413434049238,1.4206317308730116
float32,512,32,0.0658887442925289,ok,0.2704082355471968,ok,1.0106747292465394,ok,0.0201276072471833,ok,0.3351887665842838,ok,0.5399600454292245,ok,3.2735507744841112,0.8067341823616937,1.8717583602748513
float32,1024,32,0.0666669686553908,ok,0.2651643404226153,ok,1.050823031554576,ok,0.0328979154364491,ok,0.3451332880278765,ok,0.7454400007325749,ok,2.0264800298418737,0.7682954661886972,1.4096681564202196
float32,2048,32,0.1460278824493578,ok,0.2637607684226821,ok,0.8954159306802137,ok,0.0586917055522451,ok,0.3211798292192082,ok,0.7276808153890686,ok,2.4880497350578676,0.8212245739836388,1.230506441483499
float32,4096,32,0.5514837122259878,ok,0.731477163035613,ok,1.264752314301298,ok,0.1600968818196993,ok,0.4984801690386593,ok,0.6464256420974235,ok,3.444687404012449,1.4674147708750351,1.9565317832962539
float32,8192,32,2.0767506398095024,ok,2.6263743975583247,ok,4.689111046791076,ok,0.428772763738578,ok,1.742845661029583,ok,2.151695094018612,ok,4.843476114718177,1.506946057407515,2.179263716232889
float32,16384,32,7.488522331531231,ok,10.73065744746815,ok,18.216291500971867,ok,1.3267836257771404,ok,6.574782719483247,ok,7.887092264493306,ok,5.644117236633034,1.6320930904179811,2.3096333718548356
float32,32768,32,33.281159264700754,ok,42.63843744451349,ok,75.95217514038086,ok,5.137865528147271,ok,25.955070294831927,ok,31.14599685668945,ok,6.477623651762259,1.6427787310983895,2.438585462197787
float32,65536,32,143.24470011393228,ok,,oom,,oom,19.34079986572265,ok,118.28613471984865,ok,138.2109120686849,ok,7.406348295232726,,
float32,128,64,0.0557198182072942,ok,0.2369727430340976,ok,0.8097806411024965,ok,0.0142686987939709,ok,0.2990059300599729,ok,0.6969524800853558,ok,3.9050385050414036,0.7925352617139297,1.1618878822316876
float32,256,64,0.0647804857147403,ok,0.2289551967168207,ok,0.5914969183937195,ok,0.0186232906972132,ok,0.2628168764905479,ok,0.3560141517036229,ok,3.4784661190105397,0.871158655312057,1.6614421521258318
float32,512,64,0.0657634509953798,ok,0.1534391783600422,ok,0.4469901225474473,ok,0.029184967491458,ok,0.2257703403891152,ok,0.3315583933313968,ok,2.253333022030186,0.6796250477170286,1.3481490185069
float32,1024,64,0.0686199280273401,ok,0.1573529256972218,ok,0.4584268948246289,ok,0.0512764698757286,ok,0.2454638861093232,ok,0.373806591272604,ok,1.3382342465002826,0.6410430804763717,1.2263745624814686
float32,2048,64,0.1451159774688491,ok,0.2004847441459242,ok,0.4493650718307717,ok,0.0933245748274573,ok,0.2397295182581418,ok,0.3676294358277175,ok,1.5549599635159987,0.8362956118321706,1.2223315872925855
float32,4096,64,0.5607003302007288,ok,0.7561547326487165,ok,1.2915970038955424,ok,0.2271073958455594,ok,0.5199943229716312,ok,0.734357241761809,ok,2.468877458231364,1.4541595922191812,1.7588129188960537
float32,8192,64,2.118492385380948,ok,2.6768145857478034,ok,4.770283752558183,ok,0.5646139746676746,ok,1.8013095159919894,ok,2.346313188684748,ok,3.7521075999365205,1.486038108377876,2.033097616960598
float32,16384,64,7.631131929064554,ok,10.890807085259016,ok,18.514754486083984,ok,1.9543868258219808,ok,6.887886860001255,ok,8.795460771631312,ok,3.90461695107622,1.5811535971218076,2.1050351956319413
float32,32768,64,34.01497622898647,ok,43.576689980246805,ok,77.44517262776692,ok,7.740694356343103,ok,27.678106837802464,ok,35.265752645639274,ok,4.394305557499882,1.5744100648072585,2.1960447975110284
float32,65536,64,139.34208170572916,ok,,oom,,oom,28.35147476196289,ok,110.05684852600098,ok,138.35130818684897,ok,4.914808942943394,,
float32,128,128,0.0590765626905404,ok,0.2436147902463856,ok,0.5819032475846249,ok,0.0155426790607607,ok,0.2624229615426245,ok,0.4423959115138189,ok,3.800925339807476,0.9283287895781789,1.3153449940200188
float32,256,128,0.0675206781309012,ok,0.2683233558044607,ok,0.6076263713899495,ok,0.0228868607576097,ok,0.2703891075955937,ok,0.394979982640866,ok,2.9501939495328604,0.9923600776321855,1.5383725710030003
float32,512,128,0.0671691123236502,ok,0.1991432459040322,ok,0.58620323050959,ok,0.035512006009898,ok,0.2751062487641843,ok,0.3993974247758868,ok,1.8914479881797908,0.7238775811113396,1.4677191041943378
float32,1024,128,0.0713156479950266,ok,0.1949294157903831,ok,0.7398601784112488,ok,0.0622948663617798,ok,0.2711242375653207,ok,0.4022197258153944,ok,1.1448077852973995,0.7189671330783166,1.8394427993589262
float32,2048,128,0.1528166908090939,ok,0.2144090338617763,ok,0.9071207559842068,ok,0.115294420638088,ok,0.3417189791872286,ok,0.5447122375920134,ok,1.3254474064169093,0.6274425680766801,1.6653210509723035
float32,4096,128,0.5994555118069371,ok,0.816005672678093,ok,1.403594167804421,ok,0.4339614416099443,ok,0.6223725936105174,ok,1.0512211045487037,ok,1.381356623719909,1.3111208318866812,1.3352035663391608
float32,8192,128,2.184404244533805,ok,2.769772532474564,ok,4.929374987880389,ok,1.2763020485723997,ok,1.947310098146988,ok,3.2004987535805536,ok,1.7115104116436684,1.4223582238443744,1.5401896289963113
float32,16384,128,7.864456776649721,ok,11.173381351289295,ok,19.02334098815918,ok,4.223228337471945,ok,7.449550072352092,ok,11.550085486435307,ok,1.862190757452021,1.4998733135250215,1.6470303194292926
float32,32768,128,34.564379010881694,ok,44.2060546875,ok,78.83481470743816,ok,16.794936410311994,ok,29.41262088102453,ok,45.77986030578613,ok,2.058023809465534,1.5029621082159126,1.722041399446433
float32,65536,128,144.54925028483072,ok,,oom,,oom,63.87708445957729,ok,122.1875114440918,ok,185.0350875854492,ok,2.262928114327203,,
bfloat16,128,16,0.0502052887130718,ok,0.1515200214144853,ok,0.3810848715011422,ok,0.0105030340131014,ok,0.2825786592568527,ok,0.4014754444360733,ok,4.780074847938807,0.5362047573336374,0.9492109088674839
bfloat16,256,16,0.0588593472786426,ok,0.1604420287675916,ok,0.4301008691606314,ok,0.0138372472256005,ok,0.2804541278332321,ok,0.4051867113796498,ok,4.253689069726675,0.5720793985353501,1.061488091986407
bfloat16,512,16,0.0544008121581014,ok,0.1524978582128401,ok,0.4163638062075889,ok,0.0202691709041267,ok,0.3035678472681091,ok,0.4252914827471246,ok,2.6839189632085874,0.5023518122397034,0.9790080993819384
bfloat16,1024,16,0.0627445415233159,ok,0.1572571368527043,ok,0.4248551285254016,ok,0.0338543943982921,ok,0.3007770286741593,ok,0.4212931477197326,ok,1.8533647592432276,0.5228362602885662,1.0084548747705686
bfloat16,2048,16,0.1031028569885054,ok,0.1575124321287014,ok,0.4260525563068745,ok,0.0600034502355933,ok,0.3003555237570361,ok,0.4329773299482072,ok,1.7182821418383383,0.5244199612460482,0.9840066138285783
bfloat16,4096,16,0.3829779370931478,ok,0.4309810741149165,ok,0.7971636907753522,ok,0.1310099008981919,ok,0.4605525756444292,ok,0.5750459556741587,ok,2.9232747637200402,0.9357912579510934,1.3862608421283344
bfloat16,8192,16,1.4767270898356022,ok,1.4317173342674203,ok,2.8802332878112797,ok,0.3022751516754265,ok,1.584007886962758,ok,1.861554432798315,ok,4.885373745246731,0.9038574530160036,1.5472194833871564
bfloat16,16384,16,4.689623916033402,ok,5.324893447485837,ok,10.010653992493948,ok,0.8655823569902232,ok,6.018601894378662,ok,6.860833389171655,ok,5.417882975734418,0.8847392701715752,1.4591017482356596
bfloat16,32768,16,18.605892768272987,ok,22.70134844098772,ok,41.3151328346946,ok,3.146396845579148,ok,23.65750875927153,ok,26.828455307904413,ok,5.913396714217801,0.9595832203630027,1.5399743429328936
bfloat16,65536,16,77.06978225708008,ok,87.78373718261719,ok,164.66598510742188,ok,11.3472788389339,ok,106.17852783203124,ok,117.46254348754884,ok,6.791917547019665,0.8267560209676892,1.4018595223495791
bfloat16,128,32,0.0479038210223744,ok,0.2313133831371492,ok,0.7784202444310091,ok,0.0100402548414422,ok,0.3729182352856344,ok,0.7960378078030951,ok,4.7711758096663415,0.6202790886854223,0.9778684338866932
bfloat16,256,32,0.0558355551429595,ok,0.2478103207555562,ok,0.8497965133876252,ok,0.0133669683896464,ok,0.377109821001968,ok,0.5205395269325899,ok,4.177129287311536,0.6571303820651835,1.6325302295394644
bfloat16,512,32,0.0595249009717165,ok,0.2507125913619146,ok,1.0137939286129227,ok,0.0185158442926054,ok,0.3954666274598003,ok,0.8458730547878438,ok,3.2148088972366615,0.633966494144692,1.198517818808161
bfloat16,1024,32,0.0636688381982987,ok,0.2603203115959841,ok,1.035420231856117,ok,0.0278936176876495,ok,0.3553287744300104,ok,0.4605089043754907,ok,2.2825593621902063,0.7326181562795439,2.2484260825754934
bfloat16,2048,32,0.1045691729484682,ok,0.2474517095530474,ok,0.850850127658025,ok,0.0484340549371224,ok,0.3620839141470065,ok,0.8310754107402973,ok,2.1590009980419977,0.6834098392246768,1.0237941306675322
bfloat16,4096,32,0.3812121220876556,ok,0.4020366670335071,ok,0.8469531181286987,ok,0.1276861743644111,ok,0.5124205720225601,ok,0.8519357839211594,ok,2.985539538522721,0.7845833851803413,0.9941513598953112
bfloat16,8192,32,1.478330786919361,ok,1.3993597994777476,ok,2.8450563840749785,ok,0.3253469981930472,ok,1.756677098008266,ok,2.058030054765047,ok,4.543858695884392,0.7965947760486844,1.382417315766451
bfloat16,16384,32,4.71712563084621,ok,5.278609624069728,ok,9.95866803328196,ok,0.9626439911113932,ok,6.594171197447058,ok,7.552018286689879,ok,4.900176674245052,0.8004962968072998,1.3186763664004497
bfloat16,32768,32,18.63151763035701,ok,21.921276909964423,ok,40.54068617387252,ok,3.593477776176051,ok,25.978831040231807,ok,29.68578577041626,ok,5.184815042931329,0.8438130597953503,1.3656598645360383
bfloat16,65536,32,77.09232076009114,ok,87.91741485595703,ok,164.85574340820312,ok,13.23306300189044,ok,117.43341636657716,ok,130.368896484375,ok,5.825735186863233,0.7486575591185755,1.2645327823877182
bfloat16,128,64,0.0495169144187557,ok,0.2468204456561192,ok,0.8796007921816883,ok,0.0127032961185139,ok,0.2996963993979373,ok,0.4296996451371553,ok,3.8979579753784765,0.8235682715973863,2.047013075612221
bfloat16,256,64,0.0611740587526785,ok,0.1904732517307985,ok,0.6891089187184376,ok,0.0170938066829679,ok,0.3344333835114214,ok,0.4537759998982603,ok,3.5787264877420033,0.5695401868405089,1.5186103250787626
bfloat16,512,64,0.0587745844791121,ok,0.1822286587641818,ok,0.7588667244918575,ok,0.0252094655500562,ok,0.3882547554594499,ok,0.8300782377761892,ok,2.331449048866531,0.4693533207301929,0.9142110827105768
bfloat16,1024,64,0.0604227293144322,ok,0.2369306625300691,ok,0.5575226017039456,ok,0.0429550302895099,ok,0.3894976691054783,ok,0.4207523599518149,ok,1.406650837100867,0.6082980241555871,1.3250611399251422
bfloat16,2048,64,0.1078276000825247,ok,0.1499355164031649,ok,0.4113331447013066,ok,0.0774090141640297,ok,0.2964418479246432,ok,0.4265099584779717,ok,1.3929592211836985,0.5057839082195952,0.9644162733484007
bfloat16,4096,64,0.3902041744789314,ok,0.4121451739870574,ok,0.7873550413719402,ok,0.1806568797592007,ok,0.5368070307751777,ok,0.706091557491374,ok,2.1599187088752907,0.767771564749996,1.1150891594983545
bfloat16,8192,64,1.5144220218820088,ok,1.4286622538780556,ok,2.918675080589626,ok,0.4281040456853764,ok,1.8207863940883744,ok,2.2347129777986177,ok,3.5375092507184402,0.7846402293627385,1.3060626172515315
bfloat16,16384,64,4.8077817726135255,ok,5.383365866781651,ok,10.179142201200444,ok,1.2310191638522097,ok,6.871562816727329,ok,8.128874261500473,ok,3.905529591894091,0.7834267124324346,1.252220402695898
bfloat16,32768,64,19.03481086730957,ok,22.42512321472168,ok,41.497222206809305,ok,4.810904087406574,ok,27.474359194437664,ok,32.27409973144531,ok,3.956597454756308,0.8162200638063205,1.2857747404919158
bfloat16,65536,64,78.7063980102539,ok,89.48182983398438,ok,168.02225494384766,ok,17.98836757518627,ok,109.30840110778809,ok,127.10690053304036,ok,4.375405254605984,0.818618046985676,1.3218971923571663
bfloat16,128,128,0.0559869009671143,ok,0.146361224609537,ok,0.4257165962431909,ok,0.013556827708349,ok,0.2799798027597001,ok,0.3835618704690168,ok,4.129793648748272,0.5227563673053778,1.109903327258853
bfloat16,256,128,0.0621045570202063,ok,0.1450424516201019,ok,0.427952698660993,ok,0.019026929917465,ok,0.2936191053644514,ok,0.4205962363695134,ok,3.2640345704537403,0.4939816550427452,1.017490556632125
bfloat16,512,128,0.0504968398423532,ok,0.1433300544354931,ok,0.4031747745072588,ok,0.0304551383020306,ok,0.2914139370373459,ok,0.3967749633417685,ok,1.6580729117551345,0.49184351267703696,1.0161295740829739
bfloat16,1024,128,0.0607553151221873,ok,0.1359997027983237,ok,0.4186159454438151,ok,0.0510841246206107,ok,0.2931479347321679,ok,0.4288100620674467,ok,1.189318904325016,0.46392857218175076,0.9762269649772626
bfloat16,2048,128,0.1120547615789014,ok,0.1519226588019761,ok,0.4298257902945013,ok,0.0943267293305634,ok,0.3014547587630489,ok,0.4336438460203891,ok,1.1879428278087645,0.5039650374913842,0.991195411255281
bfloat16,4096,128,0.4087250911312186,ok,0.4414514026080054,ok,0.8333999371343805,ok,0.2296629870697613,ok,0.6426111056580899,ok,0.8657805667427961,ok,1.7796733219666183,0.6869651002310653,0.9625994959320505
bfloat16,8192,128,1.5609208996385435,ok,1.4946865014806638,ok,3.0398136145108707,ok,0.5719308193911795,ok,1.9765758626962424,ok,2.5317731423084964,ok,2.729212776643413,0.7561999160719112,1.2006658747233323
bfloat16,16384,128,4.993890350063642,ok,5.574334052671869,ok,10.554228570726185,ok,1.9695147970054725,ok,7.411075382521658,ok,9.384772356818704,ok,2.5355942273988235,0.752162643739723,1.1246121023977516
bfloat16,32768,128,19.7544907728831,ok,23.192176342010494,ok,42.95734752308238,ok,7.769927732406124,ok,29.20368553610409,ok,36.72637264545147,ok,2.5424291516242583,0.7941523789296507,1.1696594144426788
bfloat16,65536,128,83.18906707763672,ok,94.47347259521484,ok,177.56024169921875,ok,28.48955670525046,ok,120.5005588531494,ok,148.81318155924478,ok,2.919984608335638,0.7840085846435532,1.1931754958718448
