provider,dtype,batch_size,sequence_length,d,is_causal,forward_ms,forward_status,backward_ms,backward_status,end_to_end_ms,end_to_end_status,error
pytorch,float32,1,128,16,True,0.060301380861696396,ok,0.2612456522190464,ok,0.5061094007701594,ok,
triton,float32,1,128,16,True,0.010631529391566556,ok,0.3215269628046903,ok,0.34778810379250447,ok,
pytorch,float32,1,256,16,True,0.058359645681908726,ok,0.15833295217503315,ok,0.5628035920742521,ok,
triton,float32,1,256,16,True,0.012824620674766404,ok,0.32166894050394174,ok,0.48308054469424305,ok,
pytorch,float32,1,512,16,True,0.07239705449876702,ok,0.2606642931823929,ok,1.0465321729866977,ok,
triton,float32,1,512,16,True,0.01935686135706239,ok,0.33189363951127876,ok,0.5656132763202902,ok,
pytorch,float32,1,1024,16,True,0.06660832210925201,ok,0.2620053795079475,ok,0.8117065822321271,ok,
triton,float32,1,1024,16,True,0.028928119569566077,ok,0.32675900132336494,ok,0.5587036881805341,ok,
pytorch,float32,1,2048,16,True,0.14092792945587082,ok,0.2641367093254538,ok,1.0262117975405425,ok,
triton,float32,1,2048,16,True,0.05138184040388227,ok,0.33005232842648086,ok,0.7388687414782388,ok,
pytorch,float32,1,4096,16,True,0.5461569402208026,ok,0.7252514386094422,ok,1.2522809075360948,ok,
triton,float32,1,4096,16,True,0.1251442227078415,ok,0.48402653454068284,ok,0.6394225523482621,ok,
pytorch,float32,1,8192,16,True,2.081254985738308,ok,2.621385987783443,ok,4.6862846095152575,ok,
triton,float32,1,8192,16,True,0.33232882860241186,ok,1.7270731617081985,ok,2.05004968711634,ok,
pytorch,float32,1,16384,16,True,7.518312344184289,ok,10.737764380194925,ok,18.246897037212666,ok,
triton,float32,1,16384,16,True,1.0077178859162605,ok,6.630436381248579,ok,7.633981981585102,ok,
pytorch,float32,1,32768,16,True,33.38983998979841,ok,42.779843070290305,ok,76.1885871887207,ok,
triton,float32,1,32768,16,True,3.826086852285597,ok,26.397868368360733,ok,30.197459816932678,ok,
pytorch,float32,1,65536,16,True,137.23352559407553,ok,,oom,,oom,"CUDA out of memory. Tried to allocate 16.00 GiB. GPU 0 has a total capacity of 79.25 GiB of which 14.71 GiB is free. Including non-PyTorch memory, this process has 64.54 GiB memory in use. Of the allocated memory 52.04 GiB is allocated by PyTorch, and 12.00 GiB is reserved by PyTorch but unallocated. If reserved but unallocated memory is large try setting PYTORCH_CUDA_ALLOC_CONF=expandable_segments:True to avoid fragmentation.  See documentation for Memory Management  (https://docs.pytorch.org/docs/stable/notes/cuda.html#optimizing-memory-usage-with-pytorch-cuda-alloc-conf) | CUDA out of memory. Tried to allocate 16.00 GiB. GPU 0 has a total capacity of 79.25 GiB of which 14.71 GiB is free. Including non-PyTorch memory, this process has 64.54 GiB memory in use. Of the allocated memory 52.04 GiB is allocated by PyTorch, and 12.00 GiB is reserved by PyTorch but unallocated. If reserved but unallocated memory is large try setting PYTORCH_CUDA_ALLOC_CONF=expandable_segments:True to avoid fragmentation.  See documentation for Memory Management  (https://docs.pytorch.org/docs/stable/notes/cuda.html#optimizing-memory-usage-with-pytorch-cuda-alloc-conf)"
triton,float32,1,65536,16,True,14.195864537182976,ok,106.58705711364746,ok,120.67845726013184,ok,
pytorch,float32,1,128,32,True,0.058345120702766096,ok,0.24335946422070265,ok,0.9478617849323036,ok,
triton,float32,1,128,32,True,0.011596791993856971,ok,0.3149774631303621,ok,0.7211850073239575,ok,
pytorch,float32,1,256,32,True,0.06294439327738573,ok,0.26093332726084956,ok,1.0337309867364388,ok,
triton,float32,1,256,32,True,0.013854462916604646,ok,0.3280359129233995,ok,0.7276558479382879,ok,
pytorch,float32,1,512,32,True,0.06588874429252893,ok,0.2704082355471968,ok,1.0106747292465394,ok,
triton,float32,1,512,32,True,0.020127607247183335,ok,0.3351887665842838,ok,0.5399600454292245,ok,
pytorch,float32,1,1024,32,True,0.06666696865539082,ok,0.2651643404226153,ok,1.0508230315545761,ok,
triton,float32,1,1024,32,True,0.0328979154364491,ok,0.3451332880278765,ok,0.7454400007325749,ok,
pytorch,float32,1,2048,32,True,0.14602788244935788,ok,0.26376076842268215,ok,0.8954159306802137,ok,
triton,float32,1,2048,32,True,0.058691705552245156,ok,0.32117982921920823,ok,0.7276808153890686,ok,
pytorch,float32,1,4096,32,True,0.5514837122259878,ok,0.731477163035613,ok,1.264752314301298,ok,
triton,float32,1,4096,32,True,0.16009688181969933,ok,0.4984801690386593,ok,0.6464256420974235,ok,
pytorch,float32,1,8192,32,True,2.0767506398095024,ok,2.6263743975583247,ok,4.689111046791076,ok,
triton,float32,1,8192,32,True,0.42877276373857803,ok,1.742845661029583,ok,2.151695094018612,ok,
pytorch,float32,1,16384,32,True,7.4885223315312315,ok,10.73065744746815,ok,18.216291500971867,ok,
triton,float32,1,16384,32,True,1.3267836257771404,ok,6.574782719483247,ok,7.887092264493306,ok,
pytorch,float32,1,32768,32,True,33.281159264700754,ok,42.63843744451349,ok,75.95217514038086,ok,
triton,float32,1,32768,32,True,5.137865528147271,ok,25.955070294831927,ok,31.145996856689454,ok,
pytorch,float32,1,65536,32,True,143.24470011393228,ok,,oom,,oom,"CUDA out of memory. Tried to allocate 16.00 GiB. GPU 0 has a total capacity of 79.25 GiB of which 14.69 GiB is free. Including non-PyTorch memory, this process has 64.55 GiB memory in use. Of the allocated memory 52.06 GiB is allocated by PyTorch, and 12.00 GiB is reserved by PyTorch but unallocated. If reserved but unallocated memory is large try setting PYTORCH_CUDA_ALLOC_CONF=expandable_segments:True to avoid fragmentation.  See documentation for Memory Management  (https://docs.pytorch.org/docs/stable/notes/cuda.html#optimizing-memory-usage-with-pytorch-cuda-alloc-conf) | CUDA out of memory. Tried to allocate 16.00 GiB. GPU 0 has a total capacity of 79.25 GiB of which 14.69 GiB is free. Including non-PyTorch memory, this process has 64.55 GiB memory in use. Of the allocated memory 52.06 GiB is allocated by PyTorch, and 12.00 GiB is reserved by PyTorch but unallocated. If reserved but unallocated memory is large try setting PYTORCH_CUDA_ALLOC_CONF=expandable_segments:True to avoid fragmentation.  See documentation for Memory Management  (https://docs.pytorch.org/docs/stable/notes/cuda.html#optimizing-memory-usage-with-pytorch-cuda-alloc-conf)"
triton,float32,1,65536,32,True,19.340799865722655,ok,118.28613471984863,ok,138.2109120686849,ok,
pytorch,float32,1,128,64,True,0.0557198182072942,ok,0.2369727430340976,ok,0.8097806411024965,ok,
triton,float32,1,128,64,True,0.014268698793970962,ok,0.29900593005997295,ok,0.6969524800853558,ok,
pytorch,float32,1,256,64,True,0.06478048571474038,ok,0.2289551967168207,ok,0.5914969183937195,ok,
triton,float32,1,256,64,True,0.018623290697213232,ok,0.26281687649054797,ok,0.35601415170362294,ok,
pytorch,float32,1,512,64,True,0.06576345099537981,ok,0.15343917836004228,ok,0.44699012254744735,ok,
triton,float32,1,512,64,True,0.029184967491458033,ok,0.22577034038911523,ok,0.3315583933313968,ok,
pytorch,float32,1,1024,64,True,0.06861992802734013,ok,0.15735292569722184,ok,0.4584268948246289,ok,
triton,float32,1,1024,64,True,0.05127646987572866,ok,0.24546388610932326,ok,0.373806591272604,ok,
pytorch,float32,1,2048,64,True,0.14511597746884916,ok,0.2004847441459242,ok,0.44936507183077173,ok,
triton,float32,1,2048,64,True,0.09332457482745737,ok,0.23972951825814184,ok,0.36762943582771757,ok,
pytorch,float32,1,4096,64,True,0.5607003302007288,ok,0.7561547326487165,ok,1.2915970038955424,ok,
triton,float32,1,4096,64,True,0.2271073958455594,ok,0.5199943229716312,ok,0.734357241761809,ok,
pytorch,float32,1,8192,64,True,2.118492385380948,ok,2.6768145857478034,ok,4.770283752558183,ok,
triton,float32,1,8192,64,True,0.5646139746676746,ok,1.8013095159919894,ok,2.3463131886847477,ok,
pytorch,float32,1,16384,64,True,7.631131929064554,ok,10.890807085259016,ok,18.514754486083984,ok,
triton,float32,1,16384,64,True,1.9543868258219808,ok,6.887886860001255,ok,8.795460771631312,ok,
pytorch,float32,1,32768,64,True,34.01497622898647,ok,43.576689980246805,ok,77.44517262776692,ok,
triton,float32,1,32768,64,True,7.740694356343103,ok,27.678106837802464,ok,35.265752645639274,ok,
pytorch,float32,1,65536,64,True,139.34208170572916,ok,,oom,,oom,"CUDA out of memory. Tried to allocate 16.00 GiB. GPU 0 has a total capacity of 79.25 GiB of which 14.68 GiB is free. Including non-PyTorch memory, this process has 64.56 GiB memory in use. Of the allocated memory 52.11 GiB is allocated by PyTorch, and 11.96 GiB is reserved by PyTorch but unallocated. If reserved but unallocated memory is large try setting PYTORCH_CUDA_ALLOC_CONF=expandable_segments:True to avoid fragmentation.  See documentation for Memory Management  (https://docs.pytorch.org/docs/stable/notes/cuda.html#optimizing-memory-usage-with-pytorch-cuda-alloc-conf) | CUDA out of memory. Tried to allocate 16.00 GiB. GPU 0 has a total capacity of 79.25 GiB of which 14.68 GiB is free. Including non-PyTorch memory, this process has 64.56 GiB memory in use. Of the allocated memory 52.11 GiB is allocated by PyTorch, and 11.96 GiB is reserved by PyTorch but unallocated. If reserved but unallocated memory is large try setting PYTORCH_CUDA_ALLOC_CONF=expandable_segments:True to avoid fragmentation.  See documentation for Memory Management  (https://docs.pytorch.org/docs/stable/notes/cuda.html#optimizing-memory-usage-with-pytorch-cuda-alloc-conf)"
triton,float32,1,65536,64,True,28.35147476196289,ok,110.05684852600098,ok,138.35130818684897,ok,
pytorch,float32,1,128,128,True,0.05907656269054048,ok,0.2436147902463856,ok,0.5819032475846249,ok,
triton,float32,1,128,128,True,0.015542679060760733,ok,0.26242296154262457,ok,0.4423959115138189,ok,
pytorch,float32,1,256,128,True,0.0675206781309012,ok,0.26832335580446076,ok,0.6076263713899495,ok,
triton,float32,1,256,128,True,0.022886860757609772,ok,0.27038910759559376,ok,0.39497998264086603,ok,
pytorch,float32,1,512,128,True,0.06716911232365029,ok,0.19914324590403223,ok,0.58620323050959,ok,
triton,float32,1,512,128,True,0.03551200600989808,ok,0.2751062487641843,ok,0.3993974247758868,ok,
pytorch,float32,1,1024,128,True,0.07131564799502664,ok,0.19492941579038311,ok,0.7398601784112488,ok,
triton,float32,1,1024,128,True,0.062294866361779846,ok,0.2711242375653207,ok,0.40221972581539445,ok,
pytorch,float32,1,2048,128,True,0.15281669080909396,ok,0.21440903386177634,ok,0.9071207559842067,ok,
triton,float32,1,2048,128,True,0.11529442063808805,ok,0.34171897918722866,ok,0.5447122375920134,ok,
pytorch,float32,1,4096,128,True,0.5994555118069371,ok,0.816005672678093,ok,1.403594167804421,ok,
triton,float32,1,4096,128,True,0.4339614416099443,ok,0.6223725936105174,ok,1.0512211045487037,ok,
pytorch,float32,1,8192,128,True,2.184404244533805,ok,2.7697725324745637,ok,4.929374987880389,ok,
triton,float32,1,8192,128,True,1.2763020485723997,ok,1.9473100981469882,ok,3.2004987535805536,ok,
pytorch,float32,1,16384,128,True,7.864456776649721,ok,11.173381351289295,ok,19.02334098815918,ok,
triton,float32,1,16384,128,True,4.223228337471945,ok,7.449550072352092,ok,11.550085486435309,ok,
pytorch,float32,1,32768,128,True,34.564379010881694,ok,44.2060546875,ok,78.83481470743816,ok,
triton,float32,1,32768,128,True,16.794936410311994,ok,29.41262088102453,ok,45.77986030578613,ok,
pytorch,float32,1,65536,128,True,144.54925028483072,ok,,oom,,oom,"CUDA out of memory. Tried to allocate 16.00 GiB. GPU 0 has a total capacity of 79.25 GiB of which 14.64 GiB is free. Including non-PyTorch memory, this process has 64.61 GiB memory in use. Of the allocated memory 52.20 GiB is allocated by PyTorch, and 11.91 GiB is reserved by PyTorch but unallocated. If reserved but unallocated memory is large try setting PYTORCH_CUDA_ALLOC_CONF=expandable_segments:True to avoid fragmentation.  See documentation for Memory Management  (https://docs.pytorch.org/docs/stable/notes/cuda.html#optimizing-memory-usage-with-pytorch-cuda-alloc-conf) | CUDA out of memory. Tried to allocate 16.00 GiB. GPU 0 has a total capacity of 79.25 GiB of which 14.64 GiB is free. Including non-PyTorch memory, this process has 64.61 GiB memory in use. Of the allocated memory 52.20 GiB is allocated by PyTorch, and 11.91 GiB is reserved by PyTorch but unallocated. If reserved but unallocated memory is large try setting PYTORCH_CUDA_ALLOC_CONF=expandable_segments:True to avoid fragmentation.  See documentation for Memory Management  (https://docs.pytorch.org/docs/stable/notes/cuda.html#optimizing-memory-usage-with-pytorch-cuda-alloc-conf)"
triton,float32,1,65536,128,True,63.87708445957729,ok,122.1875114440918,ok,185.03508758544922,ok,
pytorch,bfloat16,1,128,16,True,0.05020528871307183,ok,0.1515200214144853,ok,0.38108487150114223,ok,
triton,bfloat16,1,128,16,True,0.010503034013101467,ok,0.28257865925685277,ok,0.4014754444360733,ok,
pytorch,bfloat16,1,256,16,True,0.058859347278642636,ok,0.16044202876759162,ok,0.43010086916063145,ok,
triton,bfloat16,1,256,16,True,0.013837247225600554,ok,0.2804541278332321,ok,0.4051867113796498,ok,
pytorch,bfloat16,1,512,16,True,0.05440081215810143,ok,0.15249785821284018,ok,0.41636380620758895,ok,
triton,bfloat16,1,512,16,True,0.02026917090412673,ok,0.3035678472681091,ok,0.4252914827471246,ok,
pytorch,bfloat16,1,1024,16,True,0.06274454152331596,ok,0.1572571368527043,ok,0.42485512852540164,ok,
triton,bfloat16,1,1024,16,True,0.03385439439829218,ok,0.3007770286741593,ok,0.4212931477197326,ok,
pytorch,bfloat16,1,2048,16,True,0.10310285698850544,ok,0.15751243212870145,ok,0.4260525563068745,ok,
triton,bfloat16,1,2048,16,True,0.060003450235593336,ok,0.3003555237570361,ok,0.43297732994820726,ok,
pytorch,bfloat16,1,4096,16,True,0.38297793709314787,ok,0.4309810741149165,ok,0.7971636907753522,ok,
triton,bfloat16,1,4096,16,True,0.1310099008981919,ok,0.4605525756444292,ok,0.5750459556741587,ok,
pytorch,bfloat16,1,8192,16,True,1.4767270898356022,ok,1.4317173342674205,ok,2.8802332878112793,ok,
triton,bfloat16,1,8192,16,True,0.30227515167542657,ok,1.584007886962758,ok,1.861554432798315,ok,
pytorch,bfloat16,1,16384,16,True,4.689623916033402,ok,5.324893447485837,ok,10.010653992493948,ok,
triton,bfloat16,1,16384,16,True,0.8655823569902232,ok,6.018601894378662,ok,6.860833389171655,ok,
pytorch,bfloat16,1,32768,16,True,18.605892768272987,ok,22.701348440987722,ok,41.3151328346946,ok,
triton,bfloat16,1,32768,16,True,3.1463968455791473,ok,23.65750875927153,ok,26.828455307904413,ok,
pytorch,bfloat16,1,65536,16,True,77.06978225708008,ok,87.78373718261719,ok,164.66598510742188,ok,
triton,bfloat16,1,65536,16,True,11.347278838933901,ok,106.17852783203125,ok,117.46254348754883,ok,
pytorch,bfloat16,1,128,32,True,0.04790382102237447,ok,0.23131338313714925,ok,0.7784202444310091,ok,
triton,bfloat16,1,128,32,True,0.01004025484144222,ok,0.3729182352856344,ok,0.7960378078030951,ok,
pytorch,bfloat16,1,256,32,True,0.05583555514295958,ok,0.24781032075555623,ok,0.8497965133876252,ok,
triton,bfloat16,1,256,32,True,0.013366968389646478,ok,0.377109821001968,ok,0.5205395269325899,ok,
pytorch,bfloat16,1,512,32,True,0.05952490097171658,ok,0.2507125913619146,ok,1.0137939286129227,ok,
triton,bfloat16,1,512,32,True,0.018515844292605457,ok,0.3954666274598003,ok,0.8458730547878438,ok,
pytorch,bfloat16,1,1024,32,True,0.06366883819829874,ok,0.2603203115959841,ok,1.035420231856117,ok,
triton,bfloat16,1,1024,32,True,0.02789361768764951,ok,0.3553287744300104,ok,0.4605089043754907,ok,
pytorch,bfloat16,1,2048,32,True,0.10456917294846821,ok,0.24745170955304746,ok,0.850850127658025,ok,
triton,bfloat16,1,2048,32,True,0.04843405493712245,ok,0.3620839141470065,ok,0.8310754107402973,ok,
pytorch,bfloat16,1,4096,32,True,0.38121212208765565,ok,0.4020366670335071,ok,0.8469531181286987,ok,
triton,bfloat16,1,4096,32,True,0.1276861743644111,ok,0.5124205720225601,ok,0.8519357839211594,ok,
pytorch,bfloat16,1,8192,32,True,1.478330786919361,ok,1.3993597994777476,ok,2.8450563840749785,ok,
triton,bfloat16,1,8192,32,True,0.32534699819304724,ok,1.756677098008266,ok,2.058030054765047,ok,
pytorch,bfloat16,1,16384,32,True,4.71712563084621,ok,5.278609624069728,ok,9.958668033281961,ok,
triton,bfloat16,1,16384,32,True,0.9626439911113933,ok,6.594171197447058,ok,7.552018286689879,ok,
pytorch,bfloat16,1,32768,32,True,18.63151763035701,ok,21.921276909964426,ok,40.540686173872515,ok,
triton,bfloat16,1,32768,32,True,3.593477776176051,ok,25.978831040231807,ok,29.68578577041626,ok,
pytorch,bfloat16,1,65536,32,True,77.09232076009114,ok,87.91741485595703,ok,164.85574340820312,ok,
triton,bfloat16,1,65536,32,True,13.23306300189044,ok,117.43341636657715,ok,130.368896484375,ok,
pytorch,bfloat16,1,128,64,True,0.04951691441875576,ok,0.24682044565611927,ok,0.8796007921816883,ok,
triton,bfloat16,1,128,64,True,0.012703296118513986,ok,0.2996963993979373,ok,0.4296996451371553,ok,
pytorch,bfloat16,1,256,64,True,0.061174058752678555,ok,0.19047325173079852,ok,0.6891089187184376,ok,
triton,bfloat16,1,256,64,True,0.017093806682967998,ok,0.3344333835114214,ok,0.4537759998982603,ok,
pytorch,bfloat16,1,512,64,True,0.0587745844791121,ok,0.1822286587641818,ok,0.7588667244918575,ok,
triton,bfloat16,1,512,64,True,0.0252094655500562,ok,0.38825475545944993,ok,0.8300782377761892,ok,
pytorch,bfloat16,1,1024,64,True,0.06042272931443229,ok,0.23693066253006914,ok,0.5575226017039456,ok,
triton,bfloat16,1,1024,64,True,0.04295503028950999,ok,0.38949766910547834,ok,0.4207523599518149,ok,
pytorch,bfloat16,1,2048,64,True,0.1078276000825247,ok,0.14993551640316496,ok,0.4113331447013066,ok,
triton,bfloat16,1,2048,64,True,0.07740901416402975,ok,0.29644184792464323,ok,0.42650995847797174,ok,
pytorch,bfloat16,1,4096,64,True,0.3902041744789314,ok,0.41214517398705747,ok,0.7873550413719402,ok,
triton,bfloat16,1,4096,64,True,0.1806568797592007,ok,0.5368070307751777,ok,0.706091557491374,ok,
pytorch,bfloat16,1,8192,64,True,1.5144220218820088,ok,1.4286622538780556,ok,2.918675080589626,ok,
triton,bfloat16,1,8192,64,True,0.42810404568537647,ok,1.8207863940883744,ok,2.2347129777986177,ok,
pytorch,bfloat16,1,16384,64,True,4.8077817726135255,ok,5.383365866781651,ok,10.179142201200445,ok,
triton,bfloat16,1,16384,64,True,1.2310191638522097,ok,6.871562816727329,ok,8.128874261500473,ok,
pytorch,bfloat16,1,32768,64,True,19.03481086730957,ok,22.42512321472168,ok,41.497222206809305,ok,
triton,bfloat16,1,32768,64,True,4.810904087406574,ok,27.474359194437664,ok,32.27409973144531,ok,
pytorch,bfloat16,1,65536,64,True,78.7063980102539,ok,89.48182983398438,ok,168.02225494384766,ok,
triton,bfloat16,1,65536,64,True,17.98836757518627,ok,109.30840110778809,ok,127.10690053304036,ok,
pytorch,bfloat16,1,128,128,True,0.05598690096711437,ok,0.14636122460953704,ok,0.42571659624319097,ok,
triton,bfloat16,1,128,128,True,0.013556827708349033,ok,0.27997980275970014,ok,0.38356187046901685,ok,
pytorch,bfloat16,1,256,128,True,0.06210455702020635,ok,0.14504245162010193,ok,0.427952698660993,ok,
triton,bfloat16,1,256,128,True,0.01902692991746506,ok,0.2936191053644514,ok,0.4205962363695134,ok,
pytorch,bfloat16,1,512,128,True,0.05049683984235326,ok,0.14333005443549315,ok,0.4031747745072588,ok,
triton,bfloat16,1,512,128,True,0.03045513830203063,ok,0.29141393703734597,ok,0.39677496334176854,ok,
pytorch,bfloat16,1,1024,128,True,0.060755315122187355,ok,0.13599970279832374,ok,0.41861594544381514,ok,
triton,bfloat16,1,1024,128,True,0.05108412462061077,ok,0.29314793473216794,ok,0.4288100620674467,ok,
pytorch,bfloat16,1,2048,128,True,0.11205476157890143,ok,0.15192265880197614,ok,0.42982579029450135,ok,
triton,bfloat16,1,2048,128,True,0.09432672933056346,ok,0.30145475876304895,ok,0.4336438460203891,ok,
pytorch,bfloat16,1,4096,128,True,0.4087250911312186,ok,0.44145140260800547,ok,0.8333999371343805,ok,
triton,bfloat16,1,4096,128,True,0.22966298706976138,ok,0.6426111056580899,ok,0.8657805667427961,ok,
pytorch,bfloat16,1,8192,128,True,1.5609208996385437,ok,1.4946865014806638,ok,3.0398136145108707,ok,
triton,bfloat16,1,8192,128,True,0.5719308193911795,ok,1.9765758626962424,ok,2.5317731423084964,ok,
pytorch,bfloat16,1,16384,128,True,4.993890350063642,ok,5.574334052671869,ok,10.554228570726183,ok,
triton,bfloat16,1,16384,128,True,1.9695147970054723,ok,7.411075382521658,ok,9.384772356818704,ok,
pytorch,bfloat16,1,32768,128,True,19.7544907728831,ok,23.192176342010498,ok,42.95734752308238,ok,
triton,bfloat16,1,32768,128,True,7.769927732406124,ok,29.20368553610409,ok,36.72637264545147,ok,
pytorch,bfloat16,1,65536,128,True,83.18906707763672,ok,94.47347259521484,ok,177.56024169921875,ok,
triton,bfloat16,1,65536,128,True,28.48955670525046,ok,120.50055885314941,ok,148.81318155924478,ok,
